{"step_1_chromophore_01": {"tddft_energy": 0.067717, "xtb_energy": 0.06110573213702164, "energy_error": 0.0066112678629783594, "tddft_dipole": [0.305422706, -2.699393089, 0.410750669], "xtb_dipole": 