{
"step_101_chromophore_01": {"energy" : 1.642494055},
"step_101_chromophore_02": {"energy" : 1.665883576},
"step_101_chromophore_03": {"energy" : 1.615240355},
"step_101_chromophore_04": {"energy" : 1.629081008},
"step_101_chromophore_05": {"energy" : 1.649405671},
"step_101_chromophore_06": {"energy" : 1.650519217},
"step_101_chromophore_07": {"energy" : 1.590413473},
"step_101_chromophore_08": {"energy" : 1.634268449},
"step_101_chromophore_09": {"energy" : 1.597213762},
"step_101_chromophore_10": {"energy" : 1.646209726},
"step_101_chromophore_11": {"energy" : 1.625008823},
"step_101_chromophore_12": {"energy" : -0.843761746},
"step_101_chromophore_13": {"energy" : 1.674675729},
"step_101_chromophore_14": {"energy" : 1.631794399},
"step_101_chromophore_15": {"energy" : 1.596793795},
"step_101_chromophore_16": {"energy" : 1.595671094},
"step_101_chromophore_17": {"energy" : 1.624880917},
"step_101_chromophore_18": {"energy" : -0.885394031},
"step_101_chromophore_19": {"energy" : 1.639488661},
"step_101_chromophore_20": {"energy" : 1.649768973},
"step_101_chromophore_21": {"energy" : 1.599184206},
"step_101_chromophore_22": {"energy" : 1.589892056},
"step_101_chromophore_23": {"energy" : 1.634525837},
"step_101_chromophore_24": {"energy" : 1.631903797},
"step_101_chromophore_25": {"energy" : 1.656510994},
"step_101_chromophore_26": {"energy" : 1.708163639},
"step_101_chromophore_27": {"energy" : 1.612696465},
"step_151_chromophore_01": {"energy" : 1.667317132},
"step_151_chromophore_02": {"energy" : 1.618305600},
"step_151_chromophore_03": {"energy" : 1.621290390},
"step_151_chromophore_04": {"energy" : 1.651068180},
"step_151_chromophore_05": {"energy" : 1.605945706},
"step_151_chromophore_06": {"energy" : 1.637691751},
"step_151_chromophore_07": {"energy" : 1.570739545},
"step_151_chromophore_08": {"energy" : 1.583360923},
"step_151_chromophore_09": {"energy" : 1.603515696},
"step_151_chromophore_10": {"energy" : 1.663442863},
"step_151_chromophore_11": {"energy" : 1.626756612},
"step_151_chromophore_12": {"energy" : 1.668739590},
"step_151_chromophore_13": {"energy" : 1.627926127},
"step_151_chromophore_14": {"energy" : 1.651472265},
"step_151_chromophore_15": {"energy" : 1.598987166},
"step_151_chromophore_16": {"energy" : 1.613577832},
"step_151_chromophore_17": {"energy" : 1.649596014},
"step_151_chromophore_18": {"energy" : 1.630787113},
"step_151_chromophore_19": {"energy" : 1.652999538},
"step_151_chromophore_20": {"energy" : 1.583847398},
"step_151_chromophore_21": {"energy" : 1.619369972},
"step_151_chromophore_22": {"energy" : 1.637720366},
"step_151_chromophore_23": {"energy" : 1.640359255},
"step_151_chromophore_24": {"energy" : 1.649832127},
"step_151_chromophore_25": {"energy" : 1.667106897},
"step_151_chromophore_26": {"energy" : 1.670462981},
"step_151_chromophore_27": {"energy" : 1.626716358},
"step_1_chromophore_01": {"energy" : 1.619512898},
"step_1_chromophore_02": {"energy" : 1.681277561},
"step_1_chromophore_03": {"energy" : 1.685849594},
"step_1_chromophore_04": {"energy" : 1.621510216},
"step_1_chromophore_05": {"energy" : 1.649613256},
"step_1_chromophore_06": {"energy" : 1.625947098},
"step_1_chromophore_07": {"energy" : 1.629467384},
"step_1_chromophore_08": {"energy" : 1.682033929},
"step_1_chromophore_09": {"energy" : 1.651566618},
"step_1_chromophore_10": {"energy" : 1.684392555},
"step_1_chromophore_11": {"energy" : 1.604658133},
"step_1_chromophore_12": {"energy" : 1.645491116},
"step_1_chromophore_13": {"energy" : 1.638630671},
"step_1_chromophore_14": {"energy" : 1.612467700},
"step_1_chromophore_15": {"energy" : 1.649627996},
"step_1_chromophore_16": {"energy" : 1.563365692},
"step_1_chromophore_17": {"energy" : 1.636446668},
"step_1_chromophore_18": {"energy" : 1.595328898},
"step_1_chromophore_19": {"energy" : 1.631279606},
"step_1_chromophore_20": {"energy" : -0.996783236},
"step_1_chromophore_21": {"energy" : 1.633593515},
"step_1_chromophore_22": {"energy" : 1.642794085},
"step_1_chromophore_23": {"energy" : 1.613314589},
"step_1_chromophore_24": {"energy" : 1.712470319},
"step_1_chromophore_25": {"energy" : 1.643910533},
"step_1_chromophore_26": {"energy" : 1.639123755},
"step_1_chromophore_27": {"energy" : 1.613656506},
"step_201_chromophore_01": {"energy" : 1.606541728},
"step_201_chromophore_02": {"energy" : 1.589715451},
"step_201_chromophore_03": {"energy" : 1.652804942},
"step_201_chromophore_04": {"energy" : 1.697981219},
"step_201_chromophore_05": {"energy" : 1.651240463},
"step_201_chromophore_06": {"energy" : 1.664397037},
"step_201_chromophore_07": {"energy" : 1.602747871},
"step_201_chromophore_08": {"energy" : 1.668072926},
"step_201_chromophore_09": {"energy" : -0.967808235},
"step_201_chromophore_10": {"energy" : 1.646258398},
"step_201_chromophore_11": {"energy" : 1.635909379},
"step_201_chromophore_12": {"energy" : 1.644243624},
"step_201_chromophore_13": {"energy" : 1.645229034},
"step_201_chromophore_14": {"energy" : 1.593182286},
"step_201_chromophore_15": {"energy" : 1.611224360},
"step_201_chromophore_16": {"energy" : 1.666928745},
"step_201_chromophore_17": {"energy" : 1.608623296},
"step_201_chromophore_18": {"energy" : 1.682444918},
"step_201_chromophore_19": {"energy" : 1.654360211},
"step_201_chromophore_20": {"energy" : -0.871029091},
"step_201_chromophore_21": {"energy" : 1.591911947},
"step_201_chromophore_22": {"energy" : 1.672180325},
"step_201_chromophore_23": {"energy" : 1.688013937},
"step_201_chromophore_24": {"energy" : 1.707529324},
"step_201_chromophore_25": {"energy" : 1.633431658},
"step_201_chromophore_26": {"energy" : 1.638982748},
"step_201_chromophore_27": {"energy" : 1.653253472},
"step_251_chromophore_01": {"energy" : 1.600031286},
"step_251_chromophore_02": {"energy" : 1.670016834},
"step_251_chromophore_03": {"energy" : 1.589473188},
"step_251_chromophore_04": {"energy" : 1.644121679},
"step_251_chromophore_05": {"energy" : 1.634593477},
"step_251_chromophore_06": {"energy" : 1.675809991},
"step_251_chromophore_07": {"energy" : -0.947966377},
"step_251_chromophore_08": {"energy" : 1.617045213},
"step_251_chromophore_09": {"energy" : 1.643580138},
"step_251_chromophore_10": {"energy" : 1.591888863},
"step_251_chromophore_11": {"energy" : 1.626722447},
"step_251_chromophore_12": {"energy" : 1.635051175},
"step_251_chromophore_13": {"energy" : 1.651887873},
"step_251_chromophore_14": {"energy" : 1.631890017},
"step_251_chromophore_15": {"energy" : 1.743521356},
"step_251_chromophore_16": {"energy" : 1.624033174},
"step_251_chromophore_17": {"energy" : 1.608511191},
"step_251_chromophore_18": {"energy" : 1.609985866},
"step_251_chromophore_19": {"energy" : 1.637061305},
"step_251_chromophore_20": {"energy" : 1.612600431},
"step_251_chromophore_21": {"energy" : 1.663608257},
"step_251_chromophore_22": {"energy" : 1.626527970},
"step_251_chromophore_23": {"energy" : 1.636983461},
"step_251_chromophore_24": {"energy" : 1.611654192},
"step_251_chromophore_25": {"energy" : 1.631056771},
"step_251_chromophore_26": {"energy" : 1.688809510},
"step_251_chromophore_27": {"energy" : 1.636743034},
"step_301_chromophore_01": {"energy" : 1.629614110},
"step_301_chromophore_02": {"energy" : 1.621376851},
"step_301_chromophore_03": {"energy" : 1.644543880},
"step_301_chromophore_04": {"energy" : 1.673945315},
"step_301_chromophore_05": {"energy" : 1.666687787},
"step_301_chromophore_06": {"energy" : 1.611963292},
"step_301_chromophore_07": {"energy" : 1.610672998},
"step_301_chromophore_08": {"energy" : -0.943710632},
"step_301_chromophore_09": {"energy" : 1.621242284},
"step_301_chromophore_10": {"energy" : -0.939132035},
"step_301_chromophore_11": {"energy" : 1.584316129},
"step_301_chromophore_12": {"energy" : 1.643819800},
"step_301_chromophore_13": {"energy" : 1.611439133},
"step_301_chromophore_14": {"energy" : 1.637358330},
"step_301_chromophore_15": {"energy" : 1.648243320},
"step_301_chromophore_16": {"energy" : 1.614603138},