{
"step_101_chromophore_01": {"energy" : -0.870100017},
"step_101_chromophore_02": {"energy" : -0.894744617},
"step_101_chromophore_03": {"energy" : -0.880756868},
"step_101_chromophore_04": {"energy" : -0.878231340},
"step_101_chromophore_05": {"energy" : -0.844316063},
"step_101_chromophore_06": {"energy" : -0.904662496},
"step_101_chromophore_07": {"energy" : 1.590413473},
"step_101_chromophore_08": {"energy" : 1.634268447},
"step_101_chromophore_09": {"energy" : -0.819752861},
"step_101_chromophore_10": {"energy" : -0.842696034},
"step_101_chromophore_11": {"energy" : -0.863257405},
"step_101_chromophore_12": {"energy" : -0.843761750},
"step_101_chromophore_13": {"energy" : -0.881033674},
"step_101_chromophore_14": {"energy" : -0.908533018},
"step_101_chromophore_15": {"energy" : -0.857979097},
"step_101_chromophore_16": {"energy" : -0.905238857},
"step_101_chromophore_17": {"energy" : -0.887057319},
"step_101_chromophore_18": {"energy" : -0.885394040},
"step_101_chromophore_19": {"energy" : 1.639488661},
"step_101_chromophore_20": {"energy" : -0.864950104},
"step_101_chromophore_21": {"energy" : -0.864742615},
"step_101_chromophore_22": {"energy" : -0.847208798},
"step_101_chromophore_23": {"energy" : -0.870301549},
"step_101_chromophore_24": {"energy" : -0.833536529},
"step_101_chromophore_25": {"energy" : -0.946777795},
"step_101_chromophore_26": {"energy" : -0.945844049},
"step_101_chromophore_27": {"energy" : -0.844798639},
"step_151_chromophore_01": {"energy" : -0.821007796},
"step_151_chromophore_02": {"energy" : 1.618305595},
"step_151_chromophore_03": {"energy" : 1.621290391},
"step_151_chromophore_04": {"energy" : -0.894556790},
"step_151_chromophore_05": {"energy" : -0.800751243},
"step_151_chromophore_06": {"energy" : 1.637691752},
"step_151_chromophore_07": {"energy" : 1.570739547},
"step_151_chromophore_08": {"energy" : -0.816515425},
"step_151_chromophore_09": {"energy" : 1.603515696},
"step_151_chromophore_10": {"energy" : -0.962087913},
"step_151_chromophore_11": {"energy" : -0.893711357},
"step_151_chromophore_12": {"energy" : -0.921746608},
"step_151_chromophore_13": {"energy" : 1.627926126},
"step_151_chromophore_14": {"energy" : 1.651472263},
"step_151_chromophore_15": {"energy" : -0.782936103},
"step_151_chromophore_16": {"energy" : -0.928090417},
"step_151_chromophore_17": {"energy" : -0.930166826},
"step_151_chromophore_18": {"energy" : -0.855527678},
"step_151_chromophore_19": {"energy" : 1.652999539},
"step_151_chromophore_20": {"energy" : -0.795908659},
"step_151_chromophore_21": {"energy" : -0.844943046},
"step_151_chromophore_22": {"energy" : -0.907887388},
"step_151_chromophore_23": {"energy" : 1.640359268},
"step_151_chromophore_24": {"energy" : -0.932004837},
"step_151_chromophore_25": {"energy" : 1.667106895},
"step_151_chromophore_26": {"energy" : -0.885943816},
"step_151_chromophore_27": {"energy" : -0.840918320},
"step_1_chromophore_01": {"energy" : -0.837789207},
"step_1_chromophore_02": {"energy" : 1.681277562},
"step_1_chromophore_03": {"energy" : -0.894333797},
"step_1_chromophore_04": {"energy" : -0.734618286},
"step_1_chromophore_05": {"energy" : 1.649613253},
"step_1_chromophore_06": {"energy" : -0.859140727},
"step_1_chromophore_07": {"energy" : -0.924318660},
"step_1_chromophore_08": {"energy" : 1.682033927},
"step_1_chromophore_09": {"energy" : 1.651566619},
"step_1_chromophore_10": {"energy" : 1.684392554},
"step_1_chromophore_11": {"energy" : -0.774950175},
"step_1_chromophore_12": {"energy" : -0.914303582},
"step_1_chromophore_13": {"energy" : -0.811984343},
"step_1_chromophore_14": {"energy" : -0.825246744},
"step_1_chromophore_15": {"energy" : 1.649627996},
"step_1_chromophore_16": {"energy" : -0.826027595},
"step_1_chromophore_17": {"energy" : -0.849020435},
"step_1_chromophore_18": {"energy" : -0.771109531},
"step_1_chromophore_19": {"energy" : 1.631279605},
"step_1_chromophore_20": {"energy" : -0.996783235},
"step_1_chromophore_21": {"energy" : -0.908236724},
"step_1_chromophore_22": {"energy" : -0.929634062},
"step_1_chromophore_23": {"energy" : 1.613314591},
"step_1_chromophore_24": {"energy" : -1.023047934},
"step_1_chromophore_25": {"energy" : 1.643910529},
"step_1_chromophore_26": {"energy" : -0.883841619},
"step_1_chromophore_27": {"energy" : -0.882426037},
"step_201_chromophore_01": {"energy" : 1.606541734},
"step_201_chromophore_02": {"energy" : -0.820372517},
"step_201_chromophore_03": {"energy" : -0.849709022},
"step_201_chromophore_04": {"energy" : -0.996885996},
"step_201_chromophore_05": {"energy" : -0.880134065},
"step_201_chromophore_06": {"energy" : -0.937670903},
"step_201_chromophore_07": {"energy" : 1.602747872},
"step_201_chromophore_08": {"energy" : 1.668072925},
"step_201_chromophore_09": {"energy" : -0.967808231},
"step_201_chromophore_10": {"energy" : -0.843069080},
"step_201_chromophore_11": {"energy" : 1.635909377},
"step_201_chromophore_12": {"energy" : 1.644243623},
"step_201_chromophore_13": {"energy" : -0.890612521},
"step_201_chromophore_14": {"energy" : -0.799831581},
"step_201_chromophore_15": {"energy" : 1.611224358},
"step_201_chromophore_16": {"energy" : 1.666928743},
"step_201_chromophore_17": {"energy" : -0.822695811},
"step_201_chromophore_18": {"energy" : 1.682444920},
"step_201_chromophore_19": {"energy" : 1.654360208},
"step_201_chromophore_20": {"energy" : -0.871029101},
"step_201_chromophore_21": {"energy" : 1.591911940},
"step_201_chromophore_22": {"energy" : 1.672180324},
"step_201_chromophore_23": {"energy" : 1.688013940},
"step_201_chromophore_24": {"energy" : -0.967803625},
"step_201_chromophore_25": {"energy" : -0.872893175},
"step_201_chromophore_26": {"energy" : -0.796915529},
"step_201_chromophore_27": {"energy" : -0.900643276},
"step_251_chromophore_01": {"energy" : -0.824403288},
"step_251_chromophore_02": {"energy" : -0.873746501},
"step_251_chromophore_03": {"energy" : -0.772468244},
"step_251_chromophore_04": {"energy" : -0.828239625},
"step_251_chromophore_05": {"energy" : 1.634593477},
"step_251_chromophore_06": {"energy" : -0.964592240},
"step_251_chromophore_07": {"energy" : -0.947966375},
"step_251_chromophore_08": {"energy" : -0.877755683},
"step_251_chromophore_09": {"energy" : -0.913455041},
"step_251_chromophore_10": {"energy" : -0.883867672},
"step_251_chromophore_11": {"energy" : -0.791718579},
"step_251_chromophore_12": {"energy" : 1.635051177},
"step_251_chromophore_13": {"energy" : 1.651887872},
"step_251_chromophore_14": {"energy" : 1.631890015},
"step_251_chromophore_15": {"energy" : 1.743521355},
"step_251_chromophore_16": {"energy" : -0.857031671},
"step_251_chromophore_17": {"energy" : -0.841734131},
"step_251_chromophore_18": {"energy" : -0.965017311},
"step_251_chromophore_19": {"energy" : 1.637061303},
"step_251_chromophore_20": {"energy" : 1.612600438},
"step_251_chromophore_21": {"energy" : -0.914874195},
"step_251_chromophore_22": {"energy" : -0.883499041},
"step_251_chromophore_23": {"energy" : -0.860738425},
"step_251_chromophore_24": {"energy" : -0.881425615},
"step_251_chromophore_25": {"energy" : -0.825216881},
"step_251_chromophore_26": {"energy" : 1.688809513},
"step_251_chromophore_27": {"energy" : -0.877277052},
"step_301_chromophore_01": {"energy" : -0.886131980},
"step_301_chromophore_02": {"energy" : -0.831575715},
"step_301_chromophore_03": {"energy" : 1.644543881},
"step_301_chromophore_04": {"energy" : -0.916978031},
"step_301_chromophore_05": {"energy" : -0.861937759},
"step_301_chromophore_06": {"energy" : -0.855070446},
"step_301_chromophore_07": {"energy" : -0.834145416},
"step_301_chromophore_08": {"energy" : -0.943710631},
"step_301_chromophore_09": {"energy" : 1.621242285},
"step_301_chromophore_10": {"energy" : -0.939132032},
"step_301_chromophore_11": {"energy" : -0.842999324},
"step_301_chromophore_12": {"energy" : 1.643819801},
"step_301_chromophore_13": {"energy" : -0.834857664},
"step_301_chromophore_14": {"energy" : -0.873350116},